BASIS,ESCF,ECCSD,ECCSDT
VDZ,-78.601438817817,-78.918803580251,-78.927202470879
VTZ,-78.623489776431,-78.993828839479,-79.006370514335
VQZ,-78.628337430277,-79.013601798309,-79.027124512699
MTsmall,-78.623791762902,-78.998654240531,-79.011407398064
MTsmall_full,-78.653059985166,-79.127593264822,-79.141152375103
