SPECIES,W1
R+O2,0.0
TS_01,13.52838828949142
TS_02,9.561010536061255
TS_03,8.753865697719638
TS_04,7.294866604034568
