MOLECULE,W1
Mol_01,-235.1107847027043
Mol_02,-385.57793350992984
Mol_03,-385.55437002256906
Mol_04,-309.80943370591916
Mol_05,-234.55911816361245
