MOLECULE,W1
Mol_01,-233.9272632439402
Mol_02,-384.3691971348248
Mol_03,-384.34647612947765
Mol_04,-308.5976112143033
Mol_05,-233.3543327595307
