SPECIES,W1
R+O2,0.0
TS_01,1.7228255083575492
TS_02,-3.1227998397477137
TS_03,-4.515769318886834
TS_04,-8.55133787845275
