SPECIES,W1
R+O2,0.0
ROO,-11.129669217161318
QOOH,-18.87529339710211
cy-Ether+OH,-18.43463586281269
Alkene+OOH,-27.00638340213255
