SPECIES,W1
R+O2,0.0
TS_01,17.04899853413598
TS_02,0.9310077956348253
TS_03,-9.378939411203701
TS_04,3.667041609230616
