SPECIES,W1
R+O2,0.0
ROO,-19.628236856176855
QOOH,-5.3705885383230765
cy-Ether+OH,-21.124619959088925
Alkene+OOH,-2.581081780237666
