MOLECULE,W1
TS_01,-383.1189416581645
TS_02,-383.1446273074097
TS_03,-383.1610572515626
TS_04,-383.1402671606644
