MOLECULE,W1
TS_01,-385.51869351516524
TS_02,-385.52641550949346
TS_03,-385.5286353473152
TS_04,-385.53506643418
