MOLECULE,W1
TS_01,-384.3163586974871
TS_02,-384.322681115402
TS_03,-384.32396738237804
TS_04,-384.32629244507217
