SPECIES,W1
R+O2,0.0
ROO,-35.45083819187292
QOOH,-20.664524347072437
cy-Ether+OH,-38.88378894258923
Alkene+OOH,-15.924410984171788
