MOLECULE,W1
Mol_01,-232.73545665329823
Mol_02,-383.16384721666736
Mol_03,-383.17619065258924
Mol_04,-307.40151786180036
Mol_05,-232.20145035865568
