SPECIES,W1
R+O2,0.0
ROO,-32.937620924181424
QOOH,-16.389874211652042
cy-Ether+OH,-32.58017807227481
Alkene+OOH,-13.289944843475935
