MOLECULE,W1
Mol_01,-79.1105660489951
Mol_02,-229.57370979018833
Mol_03,-229.54733928131094
Mol_04,-153.79916961041647
Mol_05,-78.55470122152258
