MOLECULE,W1
TS_01,-229.51476469152337
TS_02,-229.52350920643914
TS_03,-229.52051403238758
TS_04,-229.5236455444719
