SPECIES,W1
R+O2,0.0
TS_01,4.050992651170876
TS_02,-1.4362741521789129
TS_03,0.4432262319637277
TS_04,-1.521827572599514
