SPECIES,W1
R+O2,0.0
TS_01,-3.288413162949859
TS_02,-2.024185008184901
TS_03,-7.590659496256192
TS_04,-11.98563599553776
