MOLECULE,W1
TS_01,-308.1173443981612
TS_02,-308.11532972266747
TS_03,-308.12420046304396
TS_04,-308.1312043028298
