MOLECULE,W1
Mol_01,-157.70144966978276
Mol_02,-308.1657487011109
Mol_03,-308.14799595511107
Mol_04,-232.4047174081005
Mol_05,-157.15430203960074
