SPECIES,W1
R+O2,0.0
ROO,-33.662576541070344
QOOH,-22.522558514796174
cy-Ether+OH,-41.78208942546124
Alkene+OOH,-18.760069575477836
