SPECIES,W1
R+O2,0.0
TS_01,1.627261843784308
TS_02,-3.420885547757197
TS_03,-1.093171288475785
TS_04,-4.740496953033434
