MOLECULE,W1
Mol_01,-118.40955586619185
Mol_02,-268.87531937611345
Mol_03,-268.8479749513906
Mol_04,-193.10168651004872
Mol_05,-117.85367321779404
