MOLECULE,W1
TS_01,-268.8176169690226
TS_02,-268.82566170272054
TS_03,-268.8219522545035
TS_04,-268.8277646370283
