SPECIES,W1
R+O2,0.0
ROO,-34.58155087500752
QOOH,-17.422662648144616
cy-Ether+OH,-34.79345605825364
Alkene+OOH,-13.278762042299137
