SPECIES,W1
R+O2,0.0
ROO,-33.72650952028141
QOOH,-17.178444885630167
cy-Ether+OH,-36.72691732757856
Alkene+OOH,-9.6338840513874
