SPECIES,W1
R+O2,0.0
TS_01,-9.014541553918061
TS_02,33.16067620206487
TS_03,32.62036802322568
TS_04,0.7090792681670548
