MOLECULE,W1
Mol_01,-196.99943101167983
Mol_02,-347.4638319266798
Mol_03,-347.4374609111613
Mol_04,-271.69464282171924
Mol_05,-196.43773988137292
