MOLECULE,W1
TS_01,-347.4244509050847
TS_02,-347.3572404278177
TS_03,-347.3581014635753
TS_04,-347.4089553313571
