MOLECULE,W1
O2,-150.41065430924385
OH,-75.77397055841722
OOH,-150.9876980086537


