MOLECULE,W1
TS_01,-308.11932886401945
TS_02,-308.1289563703943
TS_03,-308.1226416211146
TS_04,-308.1311438962008
