SPECIES,W1
R+O2,0.0
ROO,-35.64920821329085
QOOH,-17.922480234853932
cy-Ether+OH,-36.57009710590898
Alkene+OOH,-13.548077255925575
