MOLECULE,W1
Mol_01,-157.70975550695323
Mol_02,-308.1772204368812
Mol_03,-308.1489711020537
Mol_04,-232.4047174081005
Mol_05,-157.15430203960074
