SPECIES,W1
R+O2,0.0
TS_01,0.678307837248091
TS_02,-5.363044557751306
TS_03,-1.4004789463360796
TS_04,-6.735737938125362
